文档ID,URL,标题,点击,曝光,平均排名,分档,建议动作
exness-agent/合作伙伴链接和合作伙伴账户,/exness-agent/合作伙伴链接和合作伙伴账户,合作伙伴链接和合作伙伴账户,0,9,5.89,C2-合并,零点击极低曝光：301 到同主题支柱页
exness-agent/最低和最高出金限额,/exness-agent/最低和最高出金限额,最低和最高出金限额,0,9,22.67,C2-合并,零点击极低曝光：301 到同主题支柱页
exness-trader/exness交易应用-如何将交易品种收藏至关注列表,/exness-trader/exness交易应用-如何将交易品种收藏至关注列表,Exness交易应用：如何将交易品种收藏至关注列表,0,9,14.56,C2-合并,零点击极低曝光：301 到同主题支柱页
exness-trader/为什么mt4-mt5和exness网站上显示的点差不一样,/exness-trader/为什么mt4-mt5和exness网站上显示的点差不一样,为什么MT4/MT5和Exness网站上显示的点差不一样？,0,9,11.22,C2-合并,零点击极低曝光：301 到同主题支柱页
exness-trader/出入金到账需要多长时间,/exness-trader/出入金到账需要多长时间,出、入金到账需要多长时间？,0,9,6.11,C2-合并,零点击极低曝光：301 到同主题支柱页
exness-trader/如何查看我的交易状态,/exness-trader/如何查看我的交易状态,如何查看我的交易状态？,0,9,5.44,C2-合并,零点击极低曝光：301 到同主题支柱页
exness-trader/如何进行首次入金,/exness-trader/如何进行首次入金,如何进行首次入金,0,9,25.22,C2-合并,零点击极低曝光：301 到同主题支柱页
exness-trader/未验证账户面临哪些限制,/exness-trader/未验证账户面临哪些限制,未验证账户面临哪些限制？,0,9,20.44,C2-合并,零点击极低曝光：301 到同主题支柱页
exness-trader/杠杆对爆仓的影响,/exness-trader/杠杆对爆仓的影响,杠杆对爆仓的影响,0,9,23.78,C2-合并,零点击极低曝光：301 到同主题支柱页
exness-agent/Exness不接受哪些国家的合作伙伴,/exness-agent/Exness不接受哪些国家的合作伙伴,Exness不接受哪些国家的合作伙伴,0,8,5.62,C2-合并,零点击极低曝光：301 到同主题支柱页
exness-agent/加入Exness合作伙伴计划可以赚取多少钱,/exness-agent/加入Exness合作伙伴计划可以赚取多少钱,加入Exness合作伙伴计划可以赚取多少钱,0,8,17.12,C2-合并,零点击极低曝光：301 到同主题支柱页
exness-agent/合作伙伴佣金与Exness比特币电子钱包,/exness-agent/合作伙伴佣金与Exness比特币电子钱包,合作伙伴佣金与Exness比特币电子钱包,0,8,3.12,C2-合并,零点击极低曝光：301 到同主题支柱页
exness-agent/探索返佣版块,/exness-agent/探索返佣版块,探索返佣版块,0,8,12.12,C2-合并,零点击极低曝光：301 到同主题支柱页
exness-trader/exness-交易应用-如何验证个人资料,/exness-trader/exness-交易应用-如何验证个人资料,Exness 交易应用：如何验证个人资料,0,8,32.12,C2-合并,零点击极低曝光：301 到同主题支柱页
exness-trader/exness-交易应用配置指南,/exness-trader/exness-交易应用配置指南,Exness 交易应用配置指南,0,8,62.75,C2-合并,零点击极低曝光：301 到同主题支柱页
exness-trader/如何处理无效sl-tp错误,/exness-trader/如何处理无效sl-tp错误,如何处理无效SL/TP错误,0,8,73.88,C2-合并,零点击极低曝光：301 到同主题支柱页
exness-trader/如何快速便捷地恢复-exness-密码,/exness-trader/如何快速便捷地恢复-exness-密码,如何快速便捷地恢复 Exness 密码,0,8,5.5,C2-合并,零点击极低曝光：301 到同主题支柱页
exness-trader/metatrader交易信号,/exness-trader/metatrader交易信号,MetaTrader交易信号,0,7,15.0,C2-合并,零点击极低曝光：301 到同主题支柱页
exness-trader/使用-windows-版本-metatrader-5,/exness-trader/使用-windows-版本-metatrader-5,使用 Windows 版本 MetaTrader 5,0,7,21.71,C2-合并,零点击极低曝光：301 到同主题支柱页
exness-trader/外汇和其他交易品种的基本交易术语,/exness-trader/外汇和其他交易品种的基本交易术语,外汇和其他交易品种的基本交易术语,0,7,9.57,C2-合并,零点击极低曝光：301 到同主题支柱页
exness-trader/如何在手机应用上的metatrader订阅交易信号,/exness-trader/如何在手机应用上的metatrader订阅交易信号,如何在手机应用上的MetaTrader订阅交易信号,0,7,11.14,C2-合并,零点击极低曝光：301 到同主题支柱页
exness-trader/如果我的当前余额为负值，可以进行入金操作吗,/exness-trader/如果我的当前余额为负值，可以进行入金操作吗,如果我的当前余额为负值，可以进行入金操作吗？,0,7,5.57,C2-合并,零点击极低曝光：301 到同主题支柱页
exness-trader/指数股息,/exness-trader/指数股息,指数股息,0,7,10.14,C2-合并,零点击极低曝光：301 到同主题支柱页
exness-trader/无法登录交易终端,/exness-trader/无法登录交易终端,无法登录交易终端,0,7,10.0,C2-合并,零点击极低曝光：301 到同主题支柱页
exness-agent/Exness支付服务,/exness-agent/Exness支付服务,Exness支付服务,0,6,18.67,C2-合并,零点击极低曝光：301 到同主题支柱页
exness-trader/为什么-exness-账户验证流程是重要的,/exness-trader/为什么-exness-账户验证流程是重要的,为什么 Exness 账户验证流程是重要的？,0,6,14.67,C2-合并,零点击极低曝光：301 到同主题支柱页
exness-trader/基点和迷你点之间有何区别,/exness-trader/基点和迷你点之间有何区别,基点和迷你点之间有何区别？,0,6,16.33,C2-合并,零点击极低曝光：301 到同主题支柱页
exness-trader/如何在exness平台开始交易,/exness-trader/如何在exness平台开始交易,如何在Exness平台开始交易,0,6,8.0,C2-合并,零点击极低曝光：301 到同主题支柱页
exness-trader/市价滑点,/exness-trader/市价滑点,市价滑点,0,6,7.5,C2-合并,零点击极低曝光：301 到同主题支柱页
exness-trader/无法在注册时设置密码,/exness-trader/无法在注册时设置密码,无法在注册时设置密码,0,6,29.0,C2-合并,零点击极低曝光：301 到同主题支柱页
exness-trader/无法登录-exness-个人专区,/exness-trader/无法登录-exness-个人专区,无法登录 Exness 个人专区,0,6,7.67,C2-合并,零点击极低曝光：301 到同主题支柱页
exness-trader/直盘交易,/exness-trader/直盘交易,直盘交易,0,6,32.67,C2-合并,零点击极低曝光：301 到同主题支柱页
exness-trader/自定义爆仓位,/exness-trader/自定义爆仓位,自定义爆仓位,0,6,21.17,C2-合并,零点击极低曝光：301 到同主题支柱页
exness-trader/银行卡交易详解,/exness-trader/银行卡交易详解,银行卡交易详解,0,6,58.17,C2-合并,零点击极低曝光：301 到同主题支柱页
exness-trader/验证账户需要多久,/exness-trader/验证账户需要多久,验证账户需要多久？,0,6,29.33,C2-合并,零点击极低曝光：301 到同主题支柱页
exness-agent/VPS虚拟专用服务器,/exness-agent/VPS虚拟专用服务器,VPS虚拟专用服务器,0,5,33.4,C2-合并,零点击极低曝光：301 到同主题支柱页
exness-agent/地区代表-区域代理,/exness-agent/地区代表-区域代理,地区代表-区域代理,0,5,35.2,C2-合并,零点击极低曝光：301 到同主题支柱页
exness-agent/手续费,/exness-agent/手续费,手续费,0,5,15.6,C2-合并,零点击极低曝光：301 到同主题支柱页
exness-agent/社交交易介绍,/exness-agent/社交交易介绍,社交交易介绍,0,5,22.0,C2-合并,零点击极低曝光：301 到同主题支柱页
exness-trader/什么是止损单，怎么下止损单,/exness-trader/什么是止损单，怎么下止损单,什么是止损单，怎么下止损单？,0,5,29.8,C2-合并,零点击极低曝光：301 到同主题支柱页
exness-trader/市场已关闭,/exness-trader/市场已关闭,市场已关闭,0,5,29.8,C2-合并,零点击极低曝光：301 到同主题支柱页
exness-trader/我仍未收到电子邮箱验证码,/exness-trader/我仍未收到电子邮箱验证码,我仍未收到电子邮箱验证码,0,5,9.0,C2-合并,零点击极低曝光：301 到同主题支柱页
exness-trader/我收到了账户无效的错误提示,/exness-trader/我收到了账户无效的错误提示,我收到了“账户无效”的错误提示,0,5,5.4,C2-合并,零点击极低曝光：301 到同主题支柱页
exness-trader/无法入金,/exness-trader/无法入金,无法入金,0,5,17.4,C2-合并,零点击极低曝光：301 到同主题支柱页
exness-agent/Exness合作伙伴计划,/exness-agent/Exness合作伙伴计划,Exness合作伙伴计划,0,4,67.75,C2-合并,零点击极低曝光：301 到同主题支柱页
exness-agent/Exness经纪公司,/exness-agent/Exness经纪公司,Exness经纪公司,0,4,9.5,C2-合并,零点击极低曝光：301 到同主题支柱页
exness-agent/Exness财务审计,/exness-agent/Exness财务审计,Exness财务审计,0,4,40.75,C2-合并,零点击极低曝光：301 到同主题支柱页
exness-agent/先锋账户,/exness-agent/先锋账户,先锋账户（合作伙伴佣金）,0,4,11.5,C2-合并,零点击极低曝光：301 到同主题支柱页
exness-agent/合作伙伴入门指南,/exness-agent/合作伙伴入门指南,合作伙伴入门指南,0,4,24.0,C2-合并,零点击极低曝光：301 到同主题支柱页
exness-trader/exness-交易应用-为何我在进行入金操作时找不到我的,/exness-trader/exness-交易应用-为何我在进行入金操作时找不到我的,Exness 交易应用：为何我在进行入金操作时找不到我的账户货币,0,4,3.25,C2-合并,零点击极低曝光：301 到同主题支柱页
exness-trader/exness-交易应用-是否可以更改所使用的交易终端,/exness-trader/exness-交易应用-是否可以更改所使用的交易终端,Exness 交易应用：是否可以更改所使用的交易终端？,0,4,15.0,C2-合并,零点击极低曝光：301 到同主题支柱页
exness-trader/exness-提供交易信号吗,/exness-trader/exness-提供交易信号吗,Exness 提供交易信号吗？,0,4,92.75,C2-合并,零点击极低曝光：301 到同主题支柱页
exness-trader/exness交易应用-内部转账,/exness-trader/exness交易应用-内部转账,Exness交易应用：内部转账,0,4,37.75,C2-合并,零点击极低曝光：301 到同主题支柱页
exness-trader/exness交易应用-如何开立和关闭交易,/exness-trader/exness交易应用-如何开立和关闭交易,Exness交易应用：如何开立和关闭交易,0,4,6.75,C2-合并,零点击极低曝光：301 到同主题支柱页
exness-trader/metatrader-详解-对比-mt4-和-mt5,/exness-trader/metatrader-详解-对比-mt4-和-mt5,MetaTrader 详解：对比 MT4 和 MT5,0,4,45.0,C2-合并,零点击极低曝光：301 到同主题支柱页
exness-trader/交易方式是否有限制,/exness-trader/交易方式是否有限制,交易方式是否有限制？,0,4,97.0,C2-合并,零点击极低曝光：301 到同主题支柱页
exness-trader/什么是移动止损,/exness-trader/什么是移动止损,什么是移动止损？,0,4,59.75,C2-合并,零点击极低曝光：301 到同主题支柱页
exness-trader/关于-exness-交易应用,/exness-trader/关于-exness-交易应用,关于 Exness 交易应用,0,4,43.5,C2-合并,零点击极低曝光：301 到同主题支柱页
exness-trader/加密数字货币交叉盘,/exness-trader/加密数字货币交叉盘,加密数字货币（交叉盘）,0,4,30.0,C2-合并,零点击极低曝光：301 到同主题支柱页
exness-trader/可以在周末节假日出金入金吗,/exness-trader/可以在周末节假日出金入金吗,可以在周末、节假日出金入金吗？,0,4,7.5,C2-合并,零点击极低曝光：301 到同主题支柱页
exness-trader/同一个电子邮箱可以注册多个个人专区吗,/exness-trader/同一个电子邮箱可以注册多个个人专区吗,同一个电子邮箱可以注册多个个人专区吗？,0,4,12.75,C2-合并,零点击极低曝光：301 到同主题支柱页
exness-trader/在哪里可以查看exness的财报,/exness-trader/在哪里可以查看exness的财报,在哪里可以查看Exness的财报？,0,4,47.25,C2-合并,零点击极低曝光：301 到同主题支柱页
exness-trader/如何从报价手机移动端里显示-添加-移除交易品,/exness-trader/如何从报价手机移动端里显示-添加-移除交易品,如何从报价（手机移动端）里显示/添加/移除交易品种,0,4,7.75,C2-合并,零点击极低曝光：301 到同主题支柱页
exness-trader/如何入金,/exness-trader/如何入金,如何入金？,0,4,17.0,C2-合并,零点击极低曝光：301 到同主题支柱页
exness-trader/如何生成网络日志排除故障,/exness-trader/如何生成网络日志排除故障,如何生成网络日志排除故障,0,4,67.25,C2-合并,零点击极低曝光：301 到同主题支柱页
exness-trader/如何连接-vps,/exness-trader/如何连接-vps,如何连接 VPS,0,4,27.0,C2-合并,零点击极低曝光：301 到同主题支柱页
exness-trader/恢复vps,/exness-trader/恢复vps,恢复VPS,0,4,13.0,C2-合并,零点击极低曝光：301 到同主题支柱页
exness-trader/我应该选择哪种账户,/exness-trader/我应该选择哪种账户,我应该选择哪种账户？,0,4,47.75,C2-合并,零点击极低曝光：301 到同主题支柱页
exness-trader/收到订单数量过多错误提示,/exness-trader/收到订单数量过多错误提示,收到“订单数量过多”错误提示,0,4,5.5,C2-合并,零点击极低曝光：301 到同主题支柱页
exness-trader/无效价格错误,/exness-trader/无效价格错误,“无效价格”错误,0,4,38.25,C2-合并,零点击极低曝光：301 到同主题支柱页
exness-trader/部分退款请求,/exness-trader/部分退款请求,部分退款请求,0,4,43.25,C2-合并,零点击极低曝光：301 到同主题支柱页
exness-agent/探索合作伙伴佣金信息面板,/exness-agent/探索合作伙伴佣金信息面板,探索合作伙伴佣金信息面板,0,3,89.67,C2-合并,零点击极低曝光：301 到同主题支柱页
exness-agent/收入分享模型是如何发挥作用的,/exness-agent/收入分享模型是如何发挥作用的,收入分享模型是如何发挥作用的,0,3,8.33,C2-合并,零点击极低曝光：301 到同主题支柱页
exness-agent/标准账户,/exness-agent/标准账户,标准账户（合作伙伴佣金）,0,3,12.33,C2-合并,零点击极低曝光：301 到同主题支柱页
exness-trader/交叉盘交易,/exness-trader/交叉盘交易,交叉盘交易,0,3,56.33,C2-合并,零点击极低曝光：301 到同主题支柱页
exness-trader/出现禁止交易的错误提示,/exness-trader/出现禁止交易的错误提示,出现“禁止交易”的错误提示,0,3,90.33,C2-合并,零点击极低曝光：301 到同主题支柱页
exness-trader/外汇与外汇市场,/exness-trader/外汇与外汇市场,外汇与外汇市场,0,3,60.0,C2-合并,零点击极低曝光：301 到同主题支柱页
exness-trader/如何设置-vps-密码,/exness-trader/如何设置-vps-密码,如何设置 VPS 密码,0,3,32.0,C2-合并,零点击极低曝光：301 到同主题支柱页
exness-trader/如何通过-exness-进行交易,/exness-trader/如何通过-exness-进行交易,如何通过 Exness 进行交易,0,3,64.0,C2-合并,零点击极低曝光：301 到同主题支柱页
exness-trader/如果我在入金时使用的支付系统在出金时无法使用,/exness-trader/如果我在入金时使用的支付系统在出金时无法使用,如果我在入金时使用的支付系统在出金时无法使用了，该怎么办？,0,3,8.33,C2-合并,零点击极低曝光：301 到同主题支柱页
exness-trader/小币种交易,/exness-trader/小币种交易,小币种交易,0,3,52.67,C2-合并,零点击极低曝光：301 到同主题支柱页
exness-trader/我可以使用哪些交易终端进行交易,/exness-trader/我可以使用哪些交易终端进行交易,我可以使用哪些交易终端进行交易？,0,3,13.33,C2-合并,零点击极低曝光：301 到同主题支柱页
exness-trader/注册后我还可以更改电子邮箱地址吗,/exness-trader/注册后我还可以更改电子邮箱地址吗,注册后我还可以更改电子邮箱地址吗？,0,3,18.67,C2-合并,零点击极低曝光：301 到同主题支柱页
exness-trader/裸点账户,/exness-trader/裸点账户,裸点账户,0,3,43.0,C2-合并,零点击极低曝光：301 到同主题支柱页
exness-trader/面向非伊斯兰教国家的免隔夜利息账户,/exness-trader/面向非伊斯兰教国家的免隔夜利息账户,面向非伊斯兰教国家的免隔夜利息账户,0,3,43.67,C2-合并,零点击极低曝光：301 到同主题支柱页
exness-agent/Exness合作伙伴忠诚计划,/exness-agent/Exness合作伙伴忠诚计划,Exness合作伙伴忠诚计划,0,2,7.0,C2-合并,零点击极低曝光：301 到同主题支柱页
exness-agent/了解介绍经纪商IB个人专区,/exness-agent/了解介绍经纪商IB个人专区,了解介绍经纪商IB个人专区,0,2,4.5,C2-合并,零点击极低曝光：301 到同主题支柱页
exness-agent/单链接服务详解,/exness-agent/单链接服务详解,单链接服务详解,0,2,3.5,C2-合并,零点击极低曝光：301 到同主题支柱页
exness-agent/如何通过电汇提取合作伙伴佣金,/exness-agent/如何通过电汇提取合作伙伴佣金,如何通过电汇提取合作伙伴佣金,0,2,102.5,C2-合并,零点击极低曝光：301 到同主题支柱页
exness-agent/裸点账户的合作伙伴佣金如何计算,/exness-agent/裸点账户的合作伙伴佣金如何计算,裸点账户的合作伙伴佣金如何计算,0,2,4.5,C2-合并,零点击极低曝光：301 到同主题支柱页
exness-trader/exness-账户安全工具介绍,/exness-trader/exness-账户安全工具介绍,Exness 账户安全工具介绍,0,2,97.5,C2-合并,零点击极低曝光：301 到同主题支柱页
exness-trader/exness网站提供pwa版本吗,/exness-trader/exness网站提供pwa版本吗,Exness网站提供PWA版本吗？,0,2,129.5,C2-合并,零点击极低曝光：301 到同主题支柱页
exness-trader/一个账户有几个密码,/exness-trader/一个账户有几个密码,一个账户有几个密码?,0,2,7.0,C2-合并,零点击极低曝光：301 到同主题支柱页
exness-trader/为什么在出金时会出现余额不足的错误提示,/exness-trader/为什么在出金时会出现余额不足的错误提示,为什么在出金时会出现“余额不足”的错误提示？,0,2,7.5,C2-合并,零点击极低曝光：301 到同主题支柱页
exness-trader/为什么我需要一种账户货币,/exness-trader/为什么我需要一种账户货币,为什么我需要一种账户货币？,0,2,6.5,C2-合并,零点击极低曝光：301 到同主题支柱页
exness-trader/交易平台功能比较,/exness-trader/交易平台功能比较,交易平台功能比较,0,2,42.0,C2-合并,零点击极低曝光：301 到同主题支柱页
exness-trader/什么是vps-,/exness-trader/什么是vps-,什么是VPS？,0,2,42.5,C2-合并,零点击极低曝光：301 到同主题支柱页
exness-trader/什么是对冲单可以进行部分对冲吗,/exness-trader/什么是对冲单可以进行部分对冲吗,什么是对冲单？可以进行部分对冲吗？,0,2,7.0,C2-合并,零点击极低曝光：301 到同主题支柱页
exness-trader/出现资金不足错误提示,/exness-trader/出现资金不足错误提示,出现“资金不足”错误提示,0,2,56.0,C2-合并,零点击极低曝光：301 到同主题支柱页
exness-trader/可以使用不同的支付平台出金吗,/exness-trader/可以使用不同的支付平台出金吗,可以使用不同的支付平台出金吗？,0,2,5.0,C2-合并,零点击极低曝光：301 到同主题支柱页
exness-trader/在哪可以找到-macos-版mt4-mt5安装文件,/exness-trader/在哪可以找到-macos-版mt4-mt5安装文件,在哪可以找到 macOS 版MT4/MT5安装文件？,0,2,6.0,C2-合并,零点击极低曝光：301 到同主题支柱页
exness-trader/外汇品种交易,/exness-trader/外汇品种交易,外汇品种交易,0,2,28.0,C2-合并,零点击极低曝光：301 到同主题支柱页
exness-trader/如何使用日本或韩国银行卡出金,/exness-trader/如何使用日本或韩国银行卡出金,如何使用日本或韩国银行卡出金?,0,2,7.0,C2-合并,零点击极低曝光：301 到同主题支柱页
exness-trader/如何在市场报价桌面版终端中显示-添加-删除交,/exness-trader/如何在市场报价桌面版终端中显示-添加-删除交,如何在市场报价（桌面版终端）中显示/添加/删除交易品种,0,2,10.0,C2-合并,零点击极低曝光：301 到同主题支柱页
exness-trader/如何将我在社交交易中的入金与我的-exness-账户关联起,/exness-trader/如何将我在社交交易中的入金与我的-exness-账户关联起,如何将我在社交交易中的入金与我的 Exness 账户关联起来？,0,2,27.5,C2-合并,零点击极低曝光：301 到同主题支柱页
exness-trader/如何查找交易软件登录账号和服务器,/exness-trader/如何查找交易软件登录账号和服务器,如何查找交易软件登录账号和服务器？,0,2,22.5,C2-合并,零点击极低曝光：301 到同主题支柱页
exness-trader/如何查找我的交易账户账号,/exness-trader/如何查找我的交易账户账号,如何查找我的交易账户账号？,0,2,7.0,C2-合并,零点击极低曝光：301 到同主题支柱页
exness-trader/我不小心删除了我的手机应用，该如何恢复,/exness-trader/我不小心删除了我的手机应用，该如何恢复,我不小心删除了我的手机应用，该如何恢复？,0,2,24.0,C2-合并,零点击极低曝光：301 到同主题支柱页
exness-trader/无法上传文件,/exness-trader/无法上传文件,无法上传文件,0,2,39.0,C2-合并,零点击极低曝光：301 到同主题支柱页
exness-trader/真实账户和模拟账户有什么区别,/exness-trader/真实账户和模拟账户有什么区别,真实账户和模拟账户有什么区别？,0,2,4.5,C2-合并,零点击极低曝光：301 到同主题支柱页
exness-trader/美分账户上可以交易哪些品种,/exness-trader/美分账户上可以交易哪些品种,美分账户上可以交易哪些品种？,0,2,6.5,C2-合并,零点击极低曝光：301 到同主题支柱页
exness-trader/退出交易终端时，我的订单会被平仓吗,/exness-trader/退出交易终端时，我的订单会被平仓吗,退出交易终端时，我的订单会被平仓吗？,0,2,8.0,C2-合并,零点击极低曝光：301 到同主题支柱页
exness-agent/Exness集团包括哪些实体,/exness-agent/Exness集团包括哪些实体,Exness集团包括哪些实体,0,1,8.0,C2-合并,零点击极低曝光：301 到同主题支柱页
exness-agent/如何查看某位客户是否注册在了我名下,/exness-agent/如何查看某位客户是否注册在了我名下,如何查看某位客户是否注册在了我名下,0,1,39.0,C2-合并,零点击极低曝光：301 到同主题支柱页
exness-agent/客户如何确定他们的资金是否安全,/exness-agent/客户如何确定他们的资金是否安全,客户如何确定他们的资金是否安全,0,1,18.0,C2-合并,零点击极低曝光：301 到同主题支柱页
exness-agent/本金使用比率,/exness-agent/本金使用比率,本金使用比率,0,1,59.0,C2-合并,零点击极低曝光：301 到同主题支柱页
exness-trader/exness-收取出入金手续费吗,/exness-trader/exness-收取出入金手续费吗,Exness 收取出入金手续费吗？,0,1,6.0,C2-合并,零点击极低曝光：301 到同主题支柱页
exness-trader/exness交易应用-如何编辑通知,/exness-trader/exness交易应用-如何编辑通知,Exness交易应用：如何编辑通知,0,1,1.0,C2-合并,零点击极低曝光：301 到同主题支柱页
exness-trader/为什么我在进行入金操作时屏幕显示系统出错,/exness-trader/为什么我在进行入金操作时屏幕显示系统出错,为什么我在进行入金操作时屏幕显示“系统出错”？,0,1,8.0,C2-合并,零点击极低曝光：301 到同主题支柱页
exness-trader/为什么无法关闭对冲单,/exness-trader/为什么无法关闭对冲单,为什么无法关闭对冲单?,0,1,105.0,C2-合并,零点击极低曝光：301 到同主题支柱页
exness-trader/什么是-cvv-代码，可以在哪里找到,/exness-trader/什么是-cvv-代码，可以在哪里找到,什么是 CVV 代码，可以在哪里找到？,0,1,29.0,C2-合并,零点击极低曝光：301 到同主题支柱页
exness-trader/什么是限价单如何下限价单,/exness-trader/什么是限价单如何下限价单,什么是限价单？如何下限价单？,0,1,8.0,C2-合并,零点击极低曝光：301 到同主题支柱页
exness-trader/价格缺口保护,/exness-trader/价格缺口保护,价格缺口保护,0,1,18.0,C2-合并,零点击极低曝光：301 到同主题支柱页
exness-trader/使用模拟账户进行交易时需要存入真实资金吗,/exness-trader/使用模拟账户进行交易时需要存入真实资金吗,使用模拟账户进行交易时需要存入真实资金吗？,0,1,46.0,C2-合并,零点击极低曝光：301 到同主题支柱页
exness-trader/保证金和可用保证金之间有何区别,/exness-trader/保证金和可用保证金之间有何区别,保证金和可用保证金之间有何区别？,0,1,43.0,C2-合并,零点击极低曝光：301 到同主题支柱页
exness-trader/创建账户需要提供哪些资料,/exness-trader/创建账户需要提供哪些资料,创建账户需要提供哪些资料？,0,1,150.0,C2-合并,零点击极低曝光：301 到同主题支柱页
exness-trader/后缀代表什么,/exness-trader/后缀代表什么,后缀代表什么？,0,1,39.0,C2-合并,零点击极低曝光：301 到同主题支柱页
exness-trader/如何上传屏幕截图给支持团队,/exness-trader/如何上传屏幕截图给支持团队,如何上传屏幕截图给支持团队？,0,1,10.0,C2-合并,零点击极低曝光：301 到同主题支柱页
exness-trader/如何使用-exness-货币转换器,/exness-trader/如何使用-exness-货币转换器,如何使用 Exness 货币转换器,0,1,136.0,C2-合并,零点击极低曝光：301 到同主题支柱页
exness-trader/如何使用安卓版-metatrader-4,/exness-trader/如何使用安卓版-metatrader-4,如何使用安卓版 MetaTrader 4,0,1,1.0,C2-合并,零点击极低曝光：301 到同主题支柱页
exness-trader/如何使用比特币电子钱包查看交易,/exness-trader/如何使用比特币电子钱包查看交易,如何使用比特币电子钱包查看交易？,0,1,10.0,C2-合并,零点击极低曝光：301 到同主题支柱页
exness-trader/如何在中国使用bitake入金,/exness-trader/如何在中国使用bitake入金,如何在中国使用Bitake入金,0,1,138.0,C2-合并,零点击极低曝光：301 到同主题支柱页
exness-trader/如何在中国使用flashex出入金,/exness-trader/如何在中国使用flashex出入金,如何在中国使用FlashEx出入金,0,1,174.0,C2-合并,零点击极低曝光：301 到同主题支柱页
exness-trader/如何显示买价线,/exness-trader/如何显示买价线,如何显示买价线,0,1,87.0,C2-合并,零点击极低曝光：301 到同主题支柱页
exness-trader/如何查看我当前的杠杆设置,/exness-trader/如何查看我当前的杠杆设置,如何查看我当前的杠杆设置？,0,1,4.0,C2-合并,零点击极低曝光：301 到同主题支柱页
exness-trader/如何查看自己上传的验证文档的状态,/exness-trader/如何查看自己上传的验证文档的状态,如何查看自己上传的验证文档的状态？,0,1,9.0,C2-合并,零点击极低曝光：301 到同主题支柱页
exness-trader/如何管理您的vps设置,/exness-trader/如何管理您的vps设置,如何管理您的VPS设置,0,1,153.0,C2-合并,零点击极低曝光：301 到同主题支柱页
exness-trader/如何计算开立订单所需资金,/exness-trader/如何计算开立订单所需资金,如何计算开立订单所需资金？,0,1,2.0,C2-合并,零点击极低曝光：301 到同主题支柱页
exness-trader/如何通过-mypay-出入金,/exness-trader/如何通过-mypay-出入金,如何通过 MyPay 出入金,0,1,112.0,C2-合并,零点击极低曝光：301 到同主题支柱页
exness-trader/如何通过检索-har-文件进行故障调试,/exness-trader/如何通过检索-har-文件进行故障调试,如何通过检索 HAR 文件进行故障调试,0,1,1.0,C2-合并,零点击极低曝光：301 到同主题支柱页
exness-trader/我可以在哪里查看汇率,/exness-trader/我可以在哪里查看汇率,我可以在哪里查看汇率？,0,1,120.0,C2-合并,零点击极低曝光：301 到同主题支柱页
exness-trader/我可以在手机交易终端上使用指标吗,/exness-trader/我可以在手机交易终端上使用指标吗,我可以在手机交易终端上使用指标吗？,0,1,5.0,C2-合并,零点击极低曝光：301 到同主题支柱页
exness-trader/我应为交易账户设置什么杠杆,/exness-trader/我应为交易账户设置什么杠杆,我应为交易账户设置什么杠杆？,0,1,11.0,C2-合并,零点击极低曝光：301 到同主题支柱页
exness-trader/新订单按键是灰色的,/exness-trader/新订单按键是灰色的,“新订单”按键是灰色的,0,1,140.0,C2-合并,零点击极低曝光：301 到同主题支柱页
exness-trader/标准账户上可以交易哪些品种,/exness-trader/标准账户上可以交易哪些品种,标准账户上可以交易哪些品种？,0,1,179.0,C2-合并,零点击极低曝光：301 到同主题支柱页
exness-trader/注册时需要准备什么信息,/exness-trader/注册时需要准备什么信息,注册时需要准备什么信息？,0,1,4.0,C2-合并,零点击极低曝光：301 到同主题支柱页
exness-trader/电子支付平台eps交易相关事宜,/exness-trader/电子支付平台eps交易相关事宜,电子支付平台（EPS）交易相关事宜,0,1,175.0,C2-合并,零点击极低曝光：301 到同主题支柱页
exness-trader/石油价格是现货价格吗,/exness-trader/石油价格是现货价格吗,石油价格是现货价格吗？,0,1,156.0,C2-合并,零点击极低曝光：301 到同主题支柱页
exness-trader/美分账户有哪些地域限制,/exness-trader/美分账户有哪些地域限制,美分账户有哪些地域限制？,0,1,172.0,C2-合并,零点击极低曝光：301 到同主题支柱页
exness-trader/美国原油有合约期限吗,/exness-trader/美国原油有合约期限吗,美国原油有合约期限吗？,0,1,122.0,C2-合并,零点击极低曝光：301 到同主题支柱页
exness-trader/能否更改我的账户货币,/exness-trader/能否更改我的账户货币,能否更改我的账户货币？,0,1,173.0,C2-合并,零点击极低曝光：301 到同主题支柱页
exness-trader/验证文件的大小限制是多少,/exness-trader/验证文件的大小限制是多少,验证文件的大小限制是多少？,0,1,177.0,C2-合并,零点击极低曝光：301 到同主题支柱页
nytimes/赴美零碎知识点,/nytimes/赴美零碎知识点,赴美留学一些零碎知识,0,1,1.0,C2-合并,零点击极低曝光：301 到同主题支柱页
