文档ID,分档,曝光,入链数,入链来源(前8),在侧栏,处理建议
exness-agent/Exness支付服务,C2-合并,6,2,exness-agent/exness-agent | exness-agent/手续费,是,删除 + 改写 2 处引用
exness-agent/合作伙伴链接和合作伙伴账户,C2-合并,9,1,exness-agent/exness-agent,是,删除 + 改写 1 处引用
exness-agent/最低和最高出金限额,C2-合并,9,1,exness-agent/exness-agent,是,删除 + 改写 1 处引用
exness-trader/exness交易应用-如何将交易品种收藏至关注列表,C2-合并,9,1,exness-trader/exness-trader,是,删除 + 改写 1 处引用
exness-trader/为什么mt4-mt5和exness网站上显示的点差不一样,C2-合并,9,1,exness-trader/exness-trader,是,删除 + 改写 1 处引用
exness-trader/出入金到账需要多长时间,C2-合并,9,1,exness-trader/exness-trader,是,删除 + 改写 1 处引用
exness-trader/如何查看我的交易状态,C2-合并,9,1,exness-trader/exness-trader,是,删除 + 改写 1 处引用
exness-trader/如何进行首次入金,C2-合并,9,1,exness-trader/exness-trader,是,删除 + 改写 1 处引用
exness-trader/未验证账户面临哪些限制,C2-合并,9,1,exness-trader/exness-trader,是,删除 + 改写 1 处引用
exness-trader/杠杆对爆仓的影响,C2-合并,9,1,exness-trader/exness-trader,是,删除 + 改写 1 处引用
exness-agent/Exness不接受哪些国家的合作伙伴,C2-合并,8,1,exness-agent/exness-agent,是,删除 + 改写 1 处引用
exness-agent/加入Exness合作伙伴计划可以赚取多少钱,C2-合并,8,1,exness-agent/exness-agent,是,删除 + 改写 1 处引用
exness-agent/合作伙伴佣金与Exness比特币电子钱包,C2-合并,8,1,exness-agent/exness-agent,是,删除 + 改写 1 处引用
exness-agent/探索返佣版块,C2-合并,8,1,exness-agent/exness-agent,是,删除 + 改写 1 处引用
exness-trader/exness-交易应用-如何验证个人资料,C2-合并,8,1,exness-trader/exness-trader,是,删除 + 改写 1 处引用
exness-trader/exness-交易应用配置指南,C2-合并,8,1,exness-trader/exness-trader,是,删除 + 改写 1 处引用
exness-trader/如何处理无效sl-tp错误,C2-合并,8,1,exness-trader/exness-trader,是,删除 + 改写 1 处引用
exness-trader/如何快速便捷地恢复-exness-密码,C2-合并,8,1,exness-trader/exness-trader,是,删除 + 改写 1 处引用
exness-trader/metatrader交易信号,C2-合并,7,1,exness-trader/exness-trader,是,删除 + 改写 1 处引用
exness-trader/使用-windows-版本-metatrader-5,C2-合并,7,1,exness-trader/exness-trader,是,删除 + 改写 1 处引用
exness-trader/外汇和其他交易品种的基本交易术语,C2-合并,7,1,exness-trader/exness-trader,是,删除 + 改写 1 处引用
exness-trader/如何在手机应用上的metatrader订阅交易信号,C2-合并,7,1,exness-trader/exness-trader,是,删除 + 改写 1 处引用
exness-trader/如果我的当前余额为负值，可以进行入金操作吗,C2-合并,7,1,exness-trader/exness-trader,是,删除 + 改写 1 处引用
exness-trader/指数股息,C2-合并,7,1,exness-trader/exness-trader,是,删除 + 改写 1 处引用
exness-trader/无法登录交易终端,C2-合并,7,1,exness-trader/exness-trader,是,删除 + 改写 1 处引用
exness-trader/为什么-exness-账户验证流程是重要的,C2-合并,6,1,exness-trader/exness-trader,是,删除 + 改写 1 处引用
exness-trader/基点和迷你点之间有何区别,C2-合并,6,1,exness-trader/exness-trader,是,删除 + 改写 1 处引用
exness-trader/如何在exness平台开始交易,C2-合并,6,1,exness-trader/exness-trader,是,删除 + 改写 1 处引用
exness-trader/市价滑点,C2-合并,6,1,exness-trader/exness-trader,是,删除 + 改写 1 处引用
exness-trader/无法在注册时设置密码,C2-合并,6,1,exness-trader/exness-trader,是,删除 + 改写 1 处引用
exness-trader/无法登录-exness-个人专区,C2-合并,6,1,exness-trader/exness-trader,是,删除 + 改写 1 处引用
exness-trader/直盘交易,C2-合并,6,1,exness-trader/exness-trader,是,删除 + 改写 1 处引用
exness-trader/自定义爆仓位,C2-合并,6,1,exness-trader/exness-trader,是,删除 + 改写 1 处引用
exness-trader/银行卡交易详解,C2-合并,6,1,exness-trader/exness-trader,是,删除 + 改写 1 处引用
exness-trader/验证账户需要多久,C2-合并,6,1,exness-trader/exness-trader,是,删除 + 改写 1 处引用
exness-agent/VPS虚拟专用服务器,C2-合并,5,1,exness-agent/exness-agent,是,删除 + 改写 1 处引用
exness-agent/地区代表-区域代理,C2-合并,5,1,exness-agent/exness-agent,是,删除 + 改写 1 处引用
exness-agent/手续费,C2-合并,5,1,exness-agent/exness-agent,是,删除 + 改写 1 处引用
exness-agent/社交交易介绍,C2-合并,5,1,exness-agent/exness-agent,是,删除 + 改写 1 处引用
exness-trader/什么是止损单，怎么下止损单,C2-合并,5,1,exness-trader/exness-trader,是,删除 + 改写 1 处引用
exness-trader/市场已关闭,C2-合并,5,1,exness-trader/exness-trader,是,删除 + 改写 1 处引用
exness-trader/我仍未收到电子邮箱验证码,C2-合并,5,1,exness-trader/exness-trader,是,删除 + 改写 1 处引用
exness-trader/我收到了账户无效的错误提示,C2-合并,5,1,exness-trader/exness-trader,是,删除 + 改写 1 处引用
exness-trader/无法入金,C2-合并,5,1,exness-trader/exness-trader,是,删除 + 改写 1 处引用
exness-agent/Exness合作伙伴计划,C2-合并,4,1,exness-agent/exness-agent,是,删除 + 改写 1 处引用
exness-agent/Exness经纪公司,C2-合并,4,1,exness-agent/exness-agent,是,删除 + 改写 1 处引用
exness-agent/Exness财务审计,C2-合并,4,1,exness-agent/exness-agent,是,删除 + 改写 1 处引用
exness-agent/先锋账户,C2-合并,4,1,exness-agent/exness-agent,是,删除 + 改写 1 处引用
exness-agent/合作伙伴入门指南,C2-合并,4,1,exness-agent/exness-agent,是,删除 + 改写 1 处引用
exness-trader/exness-交易应用-为何我在进行入金操作时找不到我的,C2-合并,4,1,exness-trader/exness-trader,是,删除 + 改写 1 处引用
exness-trader/exness-交易应用-是否可以更改所使用的交易终端,C2-合并,4,1,exness-trader/exness-trader,是,删除 + 改写 1 处引用
exness-trader/exness-提供交易信号吗,C2-合并,4,1,exness-trader/exness-trader,是,删除 + 改写 1 处引用
exness-trader/exness交易应用-内部转账,C2-合并,4,1,exness-trader/exness-trader,是,删除 + 改写 1 处引用
exness-trader/exness交易应用-如何开立和关闭交易,C2-合并,4,1,exness-trader/exness-trader,是,删除 + 改写 1 处引用
exness-trader/metatrader-详解-对比-mt4-和-mt5,C2-合并,4,1,exness-trader/exness-trader,是,删除 + 改写 1 处引用
exness-trader/交易方式是否有限制,C2-合并,4,1,exness-trader/exness-trader,是,删除 + 改写 1 处引用
exness-trader/什么是移动止损,C2-合并,4,1,exness-trader/exness-trader,是,删除 + 改写 1 处引用
exness-trader/关于-exness-交易应用,C2-合并,4,1,exness-trader/exness-trader,是,删除 + 改写 1 处引用
exness-trader/加密数字货币交叉盘,C2-合并,4,1,exness-trader/exness-trader,是,删除 + 改写 1 处引用
exness-trader/可以在周末节假日出金入金吗,C2-合并,4,1,exness-trader/exness-trader,是,删除 + 改写 1 处引用
exness-trader/同一个电子邮箱可以注册多个个人专区吗,C2-合并,4,1,exness-trader/exness-trader,是,删除 + 改写 1 处引用
exness-trader/在哪里可以查看exness的财报,C2-合并,4,1,exness-trader/exness-trader,是,删除 + 改写 1 处引用
exness-trader/如何从报价手机移动端里显示-添加-移除交易品,C2-合并,4,1,exness-trader/exness-trader,是,删除 + 改写 1 处引用
exness-trader/如何入金,C2-合并,4,1,exness-trader/exness-trader,是,删除 + 改写 1 处引用
exness-trader/如何生成网络日志排除故障,C2-合并,4,1,exness-trader/exness-trader,是,删除 + 改写 1 处引用
exness-trader/如何连接-vps,C2-合并,4,1,exness-trader/exness-trader,是,删除 + 改写 1 处引用
exness-trader/恢复vps,C2-合并,4,1,exness-trader/exness-trader,是,删除 + 改写 1 处引用
exness-trader/我应该选择哪种账户,C2-合并,4,1,exness-trader/exness-trader,是,删除 + 改写 1 处引用
exness-trader/收到订单数量过多错误提示,C2-合并,4,1,exness-trader/exness-trader,是,删除 + 改写 1 处引用
exness-trader/无效价格错误,C2-合并,4,1,exness-trader/exness-trader,是,删除 + 改写 1 处引用
exness-trader/部分退款请求,C2-合并,4,1,exness-trader/exness-trader,是,删除 + 改写 1 处引用
exness-agent/探索合作伙伴佣金信息面板,C2-合并,3,1,exness-agent/exness-agent,是,删除 + 改写 1 处引用
exness-agent/收入分享模型是如何发挥作用的,C2-合并,3,1,exness-agent/exness-agent,是,删除 + 改写 1 处引用
exness-agent/标准账户,C2-合并,3,1,exness-agent/exness-agent,是,删除 + 改写 1 处引用
exness-trader/交叉盘交易,C2-合并,3,1,exness-trader/exness-trader,是,删除 + 改写 1 处引用
exness-trader/出现禁止交易的错误提示,C2-合并,3,1,exness-trader/exness-trader,是,删除 + 改写 1 处引用
exness-trader/外汇与外汇市场,C2-合并,3,1,exness-trader/exness-trader,是,删除 + 改写 1 处引用
exness-trader/如何设置-vps-密码,C2-合并,3,1,exness-trader/exness-trader,是,删除 + 改写 1 处引用
exness-trader/如何通过-exness-进行交易,C2-合并,3,1,exness-trader/exness-trader,是,删除 + 改写 1 处引用
exness-trader/如果我在入金时使用的支付系统在出金时无法使用,C2-合并,3,1,exness-trader/exness-trader,是,删除 + 改写 1 处引用
exness-trader/小币种交易,C2-合并,3,1,exness-trader/exness-trader,是,删除 + 改写 1 处引用
exness-trader/我可以使用哪些交易终端进行交易,C2-合并,3,1,exness-trader/exness-trader,是,删除 + 改写 1 处引用
exness-trader/注册后我还可以更改电子邮箱地址吗,C2-合并,3,1,exness-trader/exness-trader,是,删除 + 改写 1 处引用
exness-trader/裸点账户,C2-合并,3,1,exness-trader/exness-trader,是,删除 + 改写 1 处引用
exness-trader/面向非伊斯兰教国家的免隔夜利息账户,C2-合并,3,1,exness-trader/exness-trader,是,删除 + 改写 1 处引用
exness-agent/Exness合作伙伴忠诚计划,C2-合并,2,1,exness-agent/exness-agent,是,删除 + 改写 1 处引用
exness-agent/了解介绍经纪商IB个人专区,C2-合并,2,1,exness-agent/exness-agent,是,删除 + 改写 1 处引用
exness-agent/单链接服务详解,C2-合并,2,1,exness-agent/exness-agent,是,删除 + 改写 1 处引用
exness-agent/如何通过电汇提取合作伙伴佣金,C2-合并,2,1,exness-agent/exness-agent,是,删除 + 改写 1 处引用
exness-agent/裸点账户的合作伙伴佣金如何计算,C2-合并,2,1,exness-agent/exness-agent,是,删除 + 改写 1 处引用
exness-trader/exness-账户安全工具介绍,C2-合并,2,1,exness-trader/exness-trader,是,删除 + 改写 1 处引用
exness-trader/exness网站提供pwa版本吗,C2-合并,2,1,exness-trader/exness-trader,是,删除 + 改写 1 处引用
exness-trader/一个账户有几个密码,C2-合并,2,1,exness-trader/exness-trader,是,删除 + 改写 1 处引用
exness-trader/为什么在出金时会出现余额不足的错误提示,C2-合并,2,1,exness-trader/exness-trader,是,删除 + 改写 1 处引用
exness-trader/为什么我需要一种账户货币,C2-合并,2,1,exness-trader/exness-trader,是,删除 + 改写 1 处引用
exness-trader/交易平台功能比较,C2-合并,2,1,exness-trader/exness-trader,是,删除 + 改写 1 处引用
exness-trader/什么是vps-,C2-合并,2,1,exness-trader/exness-trader,是,删除 + 改写 1 处引用
exness-trader/什么是对冲单可以进行部分对冲吗,C2-合并,2,1,exness-trader/exness-trader,是,删除 + 改写 1 处引用
exness-trader/出现资金不足错误提示,C2-合并,2,1,exness-trader/exness-trader,是,删除 + 改写 1 处引用
exness-trader/可以使用不同的支付平台出金吗,C2-合并,2,1,exness-trader/exness-trader,是,删除 + 改写 1 处引用
exness-trader/在哪可以找到-macos-版mt4-mt5安装文件,C2-合并,2,1,exness-trader/exness-trader,是,删除 + 改写 1 处引用
exness-trader/外汇品种交易,C2-合并,2,1,exness-trader/exness-trader,是,删除 + 改写 1 处引用
exness-trader/如何使用日本或韩国银行卡出金,C2-合并,2,1,exness-trader/exness-trader,是,删除 + 改写 1 处引用
exness-trader/如何在市场报价桌面版终端中显示-添加-删除交,C2-合并,2,1,exness-trader/exness-trader,是,删除 + 改写 1 处引用
exness-trader/如何将我在社交交易中的入金与我的-exness-账户关联起,C2-合并,2,1,exness-trader/exness-trader,是,删除 + 改写 1 处引用
exness-trader/如何查找交易软件登录账号和服务器,C2-合并,2,1,exness-trader/exness-trader,是,删除 + 改写 1 处引用
exness-trader/如何查找我的交易账户账号,C2-合并,2,1,exness-trader/exness-trader,是,删除 + 改写 1 处引用
exness-trader/我不小心删除了我的手机应用，该如何恢复,C2-合并,2,1,exness-trader/exness-trader,是,删除 + 改写 1 处引用
exness-trader/无法上传文件,C2-合并,2,1,exness-trader/exness-trader,是,删除 + 改写 1 处引用
exness-trader/真实账户和模拟账户有什么区别,C2-合并,2,1,exness-trader/exness-trader,是,删除 + 改写 1 处引用
exness-trader/美分账户上可以交易哪些品种,C2-合并,2,1,exness-trader/exness-trader,是,删除 + 改写 1 处引用
exness-trader/退出交易终端时，我的订单会被平仓吗,C2-合并,2,1,exness-trader/exness-trader,是,删除 + 改写 1 处引用
exness-agent/Exness集团包括哪些实体,C2-合并,1,1,exness-agent/exness-agent,是,删除 + 改写 1 处引用
exness-agent/如何查看某位客户是否注册在了我名下,C2-合并,1,1,exness-agent/exness-agent,是,删除 + 改写 1 处引用
exness-agent/客户如何确定他们的资金是否安全,C2-合并,1,1,exness-agent/exness-agent,是,删除 + 改写 1 处引用
exness-agent/本金使用比率,C2-合并,1,1,exness-agent/exness-agent,是,删除 + 改写 1 处引用
exness-trader/exness-收取出入金手续费吗,C2-合并,1,1,exness-trader/exness-trader,是,删除 + 改写 1 处引用
exness-trader/exness交易应用-如何编辑通知,C2-合并,1,1,exness-trader/exness-trader,是,删除 + 改写 1 处引用
exness-trader/为什么我在进行入金操作时屏幕显示系统出错,C2-合并,1,1,exness-trader/exness-trader,是,删除 + 改写 1 处引用
exness-trader/为什么无法关闭对冲单,C2-合并,1,1,exness-trader/exness-trader,是,删除 + 改写 1 处引用
exness-trader/什么是-cvv-代码，可以在哪里找到,C2-合并,1,1,exness-trader/exness-trader,是,删除 + 改写 1 处引用
exness-trader/什么是限价单如何下限价单,C2-合并,1,1,exness-trader/exness-trader,是,删除 + 改写 1 处引用
exness-trader/价格缺口保护,C2-合并,1,1,exness-trader/exness-trader,是,删除 + 改写 1 处引用
exness-trader/使用模拟账户进行交易时需要存入真实资金吗,C2-合并,1,1,exness-trader/exness-trader,是,删除 + 改写 1 处引用
exness-trader/保证金和可用保证金之间有何区别,C2-合并,1,1,exness-trader/exness-trader,是,删除 + 改写 1 处引用
exness-trader/创建账户需要提供哪些资料,C2-合并,1,1,exness-trader/exness-trader,是,删除 + 改写 1 处引用
exness-trader/后缀代表什么,C2-合并,1,1,exness-trader/exness-trader,是,删除 + 改写 1 处引用
exness-trader/如何上传屏幕截图给支持团队,C2-合并,1,1,exness-trader/exness-trader,是,删除 + 改写 1 处引用
exness-trader/如何使用-exness-货币转换器,C2-合并,1,1,exness-trader/exness-trader,是,删除 + 改写 1 处引用
exness-trader/如何使用安卓版-metatrader-4,C2-合并,1,1,exness-trader/exness-trader,是,删除 + 改写 1 处引用
exness-trader/如何使用比特币电子钱包查看交易,C2-合并,1,1,exness-trader/exness-trader,是,删除 + 改写 1 处引用
exness-trader/如何在中国使用bitake入金,C2-合并,1,1,exness-trader/exness-trader,是,删除 + 改写 1 处引用
exness-trader/如何在中国使用flashex出入金,C2-合并,1,1,exness-trader/exness-trader,是,删除 + 改写 1 处引用
exness-trader/如何显示买价线,C2-合并,1,1,exness-trader/exness-trader,是,删除 + 改写 1 处引用
exness-trader/如何查看我当前的杠杆设置,C2-合并,1,1,exness-trader/exness-trader,是,删除 + 改写 1 处引用
exness-trader/如何查看自己上传的验证文档的状态,C2-合并,1,1,exness-trader/exness-trader,是,删除 + 改写 1 处引用
exness-trader/如何管理您的vps设置,C2-合并,1,1,exness-trader/exness-trader,是,删除 + 改写 1 处引用
exness-trader/如何计算开立订单所需资金,C2-合并,1,1,exness-trader/exness-trader,是,删除 + 改写 1 处引用
exness-trader/如何通过-mypay-出入金,C2-合并,1,1,exness-trader/exness-trader,是,删除 + 改写 1 处引用
exness-trader/如何通过检索-har-文件进行故障调试,C2-合并,1,1,exness-trader/exness-trader,是,删除 + 改写 1 处引用
exness-trader/我可以在哪里查看汇率,C2-合并,1,1,exness-trader/exness-trader,是,删除 + 改写 1 处引用
exness-trader/我可以在手机交易终端上使用指标吗,C2-合并,1,1,exness-trader/exness-trader,是,删除 + 改写 1 处引用
exness-trader/我应为交易账户设置什么杠杆,C2-合并,1,1,exness-trader/exness-trader,是,删除 + 改写 1 处引用
exness-trader/新订单按键是灰色的,C2-合并,1,1,exness-trader/exness-trader,是,删除 + 改写 1 处引用
exness-trader/标准账户上可以交易哪些品种,C2-合并,1,1,exness-trader/exness-trader,是,删除 + 改写 1 处引用
exness-trader/注册时需要准备什么信息,C2-合并,1,1,exness-trader/exness-trader,是,删除 + 改写 1 处引用
exness-trader/电子支付平台eps交易相关事宜,C2-合并,1,1,exness-trader/exness-trader,是,删除 + 改写 1 处引用
exness-trader/石油价格是现货价格吗,C2-合并,1,1,exness-trader/exness-trader,是,删除 + 改写 1 处引用
exness-trader/美分账户有哪些地域限制,C2-合并,1,1,exness-trader/exness-trader,是,删除 + 改写 1 处引用
exness-trader/美国原油有合约期限吗,C2-合并,1,1,exness-trader/exness-trader,是,删除 + 改写 1 处引用
exness-trader/能否更改我的账户货币,C2-合并,1,1,exness-trader/exness-trader,是,删除 + 改写 1 处引用
exness-trader/验证文件的大小限制是多少,C2-合并,1,1,exness-trader/exness-trader,是,删除 + 改写 1 处引用
nytimes/赴美零碎知识点,C2-合并,1,1,nytimes/nytimes,是,删除 + 改写 1 处引用
exness-agent/Exness的资金安全,D-删除候选,0,1,exness-agent/exness-agent,是,删除 + 改写 1 处引用
exness-agent/个人专区报告功能介绍,D-删除候选,0,1,exness-agent/exness-agent,是,删除 + 改写 1 处引用
exness-agent/介绍经纪商,D-删除候选,0,1,exness-agent/exness-agent,是,删除 + 改写 1 处引用
exness-agent/关于内部转账,D-删除候选,0,1,exness-agent/exness-agent,是,删除 + 改写 1 处引用
exness-agent/合作伙伴如何知道他们介绍经纪商IB水平的变化,D-删除候选,0,1,exness-agent/exness-agent,是,删除 + 改写 1 处引用
exness-agent/在哪里可以查看我推介客户的交易活动情况及交易量,D-删除候选,0,1,exness-agent/exness-agent,是,删除 + 改写 1 处引用
exness-agent/如何加入Exness合作伙伴计划,D-删除候选,0,1,exness-agent/exness-agent,是,删除 + 改写 1 处引用
exness-agent/如何提取您的合作伙伴佣金,D-删除候选,0,1,exness-agent/exness-agent,是,删除 + 改写 1 处引用
exness-agent/我可以使用合作伙伴链接创建自定义合作伙伴链接吗,D-删除候选,0,1,exness-agent/exness-agent,是,删除 + 改写 1 处引用
exness-trader/exness-意见门户介绍,D-删除候选,0,1,exness-trader/exness-trader,是,删除 + 改写 1 处引用
exness-trader/exness-提供的石油是差价合约，还是期货,D-删除候选,0,1,exness-trader/exness-trader,是,删除 + 改写 1 处引用
exness-trader/exness-账户支持哪些订单类型,D-删除候选,0,1,exness-trader/exness-trader,是,删除 + 改写 1 处引用
exness-trader/exness交易应用-了解业绩统计选项卡,D-删除候选,0,1,exness-trader/exness-trader,是,删除 + 改写 1 处引用
exness-trader/exness交易应用-交易账户设置,D-删除候选,0,1,exness-trader/exness-trader,是,删除 + 改写 1 处引用
exness-trader/macos-用户如何登录-mt4-mt5,D-删除候选,0,1,exness-trader/exness-trader,是,删除 + 改写 1 处引用
exness-trader/vps-被冻结后还能解冻吗,D-删除候选,0,1,exness-trader/exness-trader,是,删除 + 改写 1 处引用
exness-trader/不同类型的账户是否有地区限制,D-删除候选,0,1,exness-trader/exness-trader,是,删除 + 改写 1 处引用
exness-trader/为什么-exness-交易应用上的支付方式比网页版个人专区,D-删除候选,0,1,exness-trader/exness-trader,是,删除 + 改写 1 处引用
exness-trader/为什么在交易者计算器内有些品种不能设置杠杆,D-删除候选,0,1,exness-trader/exness-trader,是,删除 + 改写 1 处引用
exness-trader/为什么我个人专区中可用保证金的金额与交易平台,D-删除候选,0,1,exness-trader/exness-trader,是,删除 + 改写 1 处引用
exness-trader/为什么我的对冲单突然要我缴纳保证金,D-删除候选,0,1,exness-trader/exness-trader,是,删除 + 改写 1 处引用
exness-trader/为什么我的所有交易一开始都处于亏损状态,D-删除候选,0,1,exness-trader/exness-trader,是,删除 + 改写 1 处引用
exness-trader/为什么我的文件被拒绝了,D-删除候选,0,1,exness-trader/exness-trader,是,删除 + 改写 1 处引用
exness-trader/为什么我的账户上有资金，交易账户却显示余额为,D-删除候选,0,1,exness-trader/exness-trader,是,删除 + 改写 1 处引用
exness-trader/为什么有时候股票的保证金会比平时高,D-删除候选,0,1,exness-trader/exness-trader,是,删除 + 改写 1 处引用
exness-trader/为什么进行内部转账时会收到请求金额过大的,D-删除候选,0,1,exness-trader/exness-trader,是,删除 + 改写 1 处引用
exness-trader/了解做市商,D-删除候选,0,1,exness-trader/exness-trader,是,删除 + 改写 1 处引用
exness-trader/交易品种的订单报价是如何计算的,D-删除候选,0,1,exness-trader/exness-trader,是,删除 + 改写 1 处引用
exness-trader/交易新手最适合什么账户类型,D-删除候选,0,1,exness-trader/exness-trader,是,删除 + 改写 1 处引用
exness-trader/交易繁忙trade-context-busy,D-删除候选,0,1,exness-trader/exness-trader,是,删除 + 改写 1 处引用
exness-trader/什么是偏差,D-删除候选,0,1,exness-trader/exness-trader,是,删除 + 改写 1 处引用
exness-trader/以账户货币计算盈亏时，应使用何种价格进行换算,D-删除候选,0,1,exness-trader/exness-trader,是,删除 + 改写 1 处引用
exness-trader/使用多张银行卡还可以进行出入金操作吗,D-删除候选,0,1,exness-trader/exness-trader,是,删除 + 改写 1 处引用
exness-trader/保障您的vps安全,D-删除候选,0,1,exness-trader/exness-trader,是,删除 + 改写 1 处引用
exness-trader/先锋账户,D-删除候选,0,1,exness-trader/exness-trader,是,删除 + 改写 1 处引用
exness-trader/先锋账户上都可以交易哪些品种,D-删除候选,0,1,exness-trader/exness-trader,是,删除 + 改写 1 处引用
exness-trader/入金款项仍未到账,D-删除候选,0,1,exness-trader/exness-trader,是,删除 + 改写 1 处引用
exness-trader/冬季交易时间,D-删除候选,0,1,exness-trader/exness-trader,是,删除 + 改写 1 处引用
exness-trader/出入金最快的方法是什么,D-删除候选,0,1,exness-trader/exness-trader,是,删除 + 改写 1 处引用
exness-trader/出现交易量无效的错误提示,D-删除候选,0,1,exness-trader/exness-trader,是,删除 + 改写 1 处引用
exness-trader/出金为何退回了我的-exness-账户,D-删除候选,0,1,exness-trader/exness-trader,是,删除 + 改写 1 处引用
exness-trader/创建真实账户和模拟账户时必须提供哪些文件,D-删除候选,0,1,exness-trader/exness-trader,是,删除 + 改写 1 处引用
exness-trader/可以在手机终端上下移动止损单吗,D-删除候选,0,1,exness-trader/exness-trader,是,删除 + 改写 1 处引用
exness-trader/各账户追加保证金通知和爆仓水平,D-删除候选,0,1,exness-trader/exness-trader,是,删除 + 改写 1 处引用
exness-trader/哪些类型的账户可以参与竞赛,D-删除候选,0,1,exness-trader/exness-trader,是,删除 + 改写 1 处引用
exness-trader/哪些账户类型可以交易加密数字货币-cfd,D-删除候选,0,1,exness-trader/exness-trader,是,删除 + 改写 1 处引用
exness-trader/哪些账户类型支持模拟账户,D-删除候选,0,1,exness-trader/exness-trader,是,删除 + 改写 1 处引用
exness-trader/在哪查询某一品种的相关信息,D-删除候选,0,1,exness-trader/exness-trader,是,删除 + 改写 1 处引用
exness-trader/在哪里可以找到我的信用相关信息,D-删除候选,0,1,exness-trader/exness-trader,是,删除 + 改写 1 处引用
exness-trader/在进行股票相关交易品种的交易时，我是否真正拥,D-删除候选,0,1,exness-trader/exness-trader,是,删除 + 改写 1 处引用
exness-trader/夏季交易时间,D-删除候选,0,1,exness-trader/exness-trader,是,删除 + 改写 1 处引用
exness-trader/如何修改或移除移动止损,D-删除候选,0,1,exness-trader/exness-trader,是,删除 + 改写 1 处引用
exness-trader/如何在交易平台-mt4-mt5-上接收新闻,D-删除候选,0,1,exness-trader/exness-trader,是,删除 + 改写 1 处引用
exness-trader/如何在我的个人专区查看交易的单号,D-删除候选,0,1,exness-trader/exness-trader,是,删除 + 改写 1 处引用
exness-trader/如何在移动终端中设置挂单,D-删除候选,0,1,exness-trader/exness-trader,是,删除 + 改写 1 处引用
exness-trader/如何更改注册名称,D-删除候选,0,1,exness-trader/exness-trader,是,删除 + 改写 1 处引用
exness-trader/如何查找需要提高保证金要求的新闻事件,D-删除候选,0,1,exness-trader/exness-trader,是,删除 + 改写 1 处引用
exness-trader/如何查看您的交易历史,D-删除候选,0,1,exness-trader/exness-trader,是,删除 + 改写 1 处引用
exness-trader/如何查看我可以使用的支付平台,D-删除候选,0,1,exness-trader/exness-trader,是,删除 + 改写 1 处引用
exness-trader/如何查看旧的个人专区是否依然处于活跃状态,D-删除候选,0,1,exness-trader/exness-trader,是,删除 + 改写 1 处引用
exness-trader/如何查看账户是否已可以入金和交易,D-删除候选,0,1,exness-trader/exness-trader,是,删除 + 改写 1 处引用
exness-trader/如何查询我的代理信息,D-删除候选,0,1,exness-trader/exness-trader,是,删除 + 改写 1 处引用
exness-trader/如何清除浏览器缓存和-cookies-文件,D-删除候选,0,1,exness-trader/exness-trader,是,删除 + 改写 1 处引用
exness-trader/如何知晓为我提供服务的是哪家-exness-实体,D-删除候选,0,1,exness-trader/exness-trader,是,删除 + 改写 1 处引用
exness-trader/如何确定我的资金是安全的,D-删除候选,0,1,exness-trader/exness-trader,是,删除 + 改写 1 处引用
exness-trader/如何管理您的交易账户设置,D-删除候选,0,1,exness-trader/exness-trader,是,删除 + 改写 1 处引用
exness-trader/如何给模拟账户充值,D-删除候选,0,1,exness-trader/exness-trader,是,删除 + 改写 1 处引用
exness-trader/如何解决交易终端中的常见错误,D-删除候选,0,1,exness-trader/exness-trader,是,删除 + 改写 1 处引用
exness-trader/如何计算利润和损失,D-删除候选,0,1,exness-trader/exness-trader,是,删除 + 改写 1 处引用
exness-trader/如何验证我的支付方式,D-删除候选,0,1,exness-trader/exness-trader,是,删除 + 改写 1 处引用
exness-trader/如果在个人专区中无法找到我的首选支付系统该怎,D-删除候选,0,1,exness-trader/exness-trader,是,删除 + 改写 1 处引用
exness-trader/如果我出金到错误的账号，接下来应该怎么做,D-删除候选,0,1,exness-trader/exness-trader,是,删除 + 改写 1 处引用
exness-trader/如果我在-vps-中收到了无网络连接错误，接下来,D-删除候选,0,1,exness-trader/exness-trader,是,删除 + 改写 1 处引用
exness-trader/如果我在自己的-vps-上安装智能交易ea，是否需要,D-删除候选,0,1,exness-trader/exness-trader,是,删除 + 改写 1 处引用
exness-trader/如果我是在其他国家开立的账户，如何进行账户验,D-删除候选,0,1,exness-trader/exness-trader,是,删除 + 改写 1 处引用
exness-trader/如果我有未平仓位，还可以出金吗,D-删除候选,0,1,exness-trader/exness-trader,是,删除 + 改写 1 处引用
exness-trader/如果我的-vps-上没有足够空间应当如何操作,D-删除候选,0,1,exness-trader/exness-trader,是,删除 + 改写 1 处引用
exness-trader/如果我的验证文件不在我的名下该怎么办,D-删除候选,0,1,exness-trader/exness-trader,是,删除 + 改写 1 处引用
exness-trader/如果无法平仓交易，我该怎么做,D-删除候选,0,1,exness-trader/exness-trader,是,删除 + 改写 1 处引用
exness-trader/客户支付档案-cpp-须知,D-删除候选,0,1,exness-trader/exness-trader,是,删除 + 改写 1 处引用
exness-trader/客户是否可以使用其它交易账户入金时使用的支付,D-删除候选,0,1,exness-trader/exness-trader,是,删除 + 改写 1 处引用
exness-trader/差价合约详解,D-删除候选,0,1,exness-trader/exness-trader,是,删除 + 改写 1 处引用
exness-trader/开立专业型账户需要满足什么条件,D-删除候选,0,1,exness-trader/exness-trader,是,删除 + 改写 1 处引用
exness-trader/怀疑他人以自己的名义交易,D-删除候选,0,1,exness-trader/exness-trader,是,删除 + 改写 1 处引用
exness-trader/我为什么需要验证我的支付账户,D-删除候选,0,1,exness-trader/exness-trader,是,删除 + 改写 1 处引用
exness-trader/我可以使用他人的支付系统入金吗,D-删除候选,0,1,exness-trader/exness-trader,是,删除 + 改写 1 处引用
exness-trader/我可以使用多张银行卡给账户入金吗,D-删除候选,0,1,exness-trader/exness-trader,是,删除 + 改写 1 处引用
exness-trader/我可以在个人信息中添加多少个手机号码,D-删除候选,0,1,exness-trader/exness-trader,是,删除 + 改写 1 处引用
exness-trader/我可以用什么货币入金,D-删除候选,0,1,exness-trader/exness-trader,是,删除 + 改写 1 处引用
exness-trader/我在国外可以用自己的交易账户交易吗,D-删除候选,0,1,exness-trader/exness-trader,是,删除 + 改写 1 处引用
exness-trader/我在我的交易终端的图表中只能看到等待更新,D-删除候选,0,1,exness-trader/exness-trader,是,删除 + 改写 1 处引用
exness-trader/我如何识别哪些交易品种属于免隔夜利息品种,D-删除候选,0,1,exness-trader/exness-trader,是,删除 + 改写 1 处引用
exness-trader/我收到了交易参数无效的错误提示,D-删除候选,0,1,exness-trader/exness-trader,是,删除 + 改写 1 处引用
exness-trader/我是否可以使用与-exness-注册邮箱不同的邮箱来进行入,D-删除候选,0,1,exness-trader/exness-trader,是,删除 + 改写 1 处引用
exness-trader/我能否更改自己的的账户服务器,D-删除候选,0,1,exness-trader/exness-trader,是,删除 + 改写 1 处引用
exness-trader/我能在周末进行交易吗,D-删除候选,0,1,exness-trader/exness-trader,是,删除 + 改写 1 处引用
exness-trader/我能用预付卡进行入金么,D-删除候选,0,1,exness-trader/exness-trader,是,删除 + 改写 1 处引用
exness-trader/拆股详解,D-删除候选,0,1,exness-trader/exness-trader,是,删除 + 改写 1 处引用
exness-trader/指数交易的最低金额是多少,D-删除候选,0,1,exness-trader/exness-trader,是,删除 + 改写 1 处引用
exness-trader/无法使用买入和卖出按键,D-删除候选,0,1,exness-trader/exness-trader,是,删除 + 改写 1 处引用
exness-trader/无法在-macos-catalina-操作系统上登录-mt4-mt5,D-删除候选,0,1,exness-trader/exness-trader,是,删除 + 改写 1 处引用
exness-trader/是否可由朋友或家人代我进行交易,D-删除候选,0,1,exness-trader/exness-trader,是,删除 + 改写 1 处引用
exness-trader/是否所有类型账户都支持指数的差价合约,D-删除候选,0,1,exness-trader/exness-trader,是,删除 + 改写 1 处引用
exness-trader/标准账户,D-删除候选,0,1,exness-trader/exness-trader,是,删除 + 改写 1 处引用
exness-trader/登录-mt4-的时候，为什么我的账户昵称显示错误,D-删除候选,0,1,exness-trader/exness-trader,是,删除 + 改写 1 处引用
exness-trader/真实账户和模拟账户之间的价格变动存在差异吗,D-删除候选,0,1,exness-trader/exness-trader,是,删除 + 改写 1 处引用
exness-trader/石油差价合约有到期日期吗,D-删除候选,0,1,exness-trader/exness-trader,是,删除 + 改写 1 处引用
exness-trader/立即开始交易,D-删除候选,0,1,exness-trader/exness-trader,是,删除 + 改写 1 处引用
exness-trader/能源交易,D-删除候选,0,1,exness-trader/exness-trader,是,删除 + 改写 1 处引用
exness-trader/裸点账户上可以交易哪些品种,D-删除候选,0,1,exness-trader/exness-trader,是,删除 + 改写 1 处引用
exness-trader/账户长时间未使用会出现什么情况,D-删除候选,0,1,exness-trader/exness-trader,是,删除 + 改写 1 处引用
exness-trader/重新报价,D-删除候选,0,1,exness-trader/exness-trader,是,删除 + 改写 1 处引用
exness-trader/零点账户提供哪些交易品种,D-删除候选,0,1,exness-trader/exness-trader,是,删除 + 改写 1 处引用
nytimes/concise-vs-natrue,D-删除候选,0,0,,是,直接删除（无任何引用）
nytimes/pu_prime_broker_research_report,D-删除候选,0,0,,是,直接删除（无任何引用）
